"Name","RequiredServices","CanPauseAndContinue","CanShutdown","CanStop","DisplayName","DependentServices","MachineName","ServiceName","ServicesDependedOn","ServiceHandle","Status","ServiceType","StartType","Site","Container"
"AdobeARMservice","System.ServiceProcess.ServiceController[]","False","False","True","Adobe Acrobat Update Service","System.ServiceProcess.ServiceController[]",".","AdobeARMservice","System.ServiceProcess.ServiceController[]","SafeServiceHandle","Running","Win32OwnProcess","Automatic",,
"AppIDSvc","System.ServiceProcess.ServiceController[]","False","True","True","Application Identity","System.ServiceProcess.ServiceController[]",".","AppIDSvc","System.ServiceProcess.ServiceController[]","SafeServiceHandle","Running","Win32OwnProcess, Win32ShareProcess","Manual",,
"Appinfo","System.ServiceProcess.ServiceController[]","False","False","True","Application Information","System.ServiceProcess.ServiceController[]",".","Appinfo","System.ServiceProcess.ServiceController[]","SafeServiceHandle","Running","Win32OwnProcess, Win32ShareProcess","Manual",,
"Apple Mobile Device Service","System.ServiceProcess.ServiceController[]","False","False","True","Apple Mobile Device Service","System.ServiceProcess.ServiceController[]",".","Apple Mobile Device Service","System.ServiceProcess.ServiceController[]","SafeServiceHandle","Running","Win32OwnProcess","Automatic",,
"AppMgmt","System.ServiceProcess.ServiceController[]","False","False","True","Application Management","System.ServiceProcess.ServiceController[]",".","AppMgmt","System.ServiceProcess.ServiceController[]","SafeServiceHandle","Running","Win32OwnProcess, Win32ShareProcess","Manual",,
"AppXSvc","System.ServiceProcess.ServiceController[]","False","True","True","AppX Deployment Service (AppXSVC)","System.ServiceProcess.ServiceController[]",".","AppXSvc","System.ServiceProcess.ServiceController[]","SafeServiceHandle","Running","Win32OwnProcess, Win32ShareProcess","Manual",,
"AudioEndpointBuilder","System.ServiceProcess.ServiceController[]","False","False","True","Windows Audio Endpoint Builder","System.ServiceProcess.ServiceController[]",".","AudioEndpointBuilder","System.ServiceProcess.ServiceController[]","SafeServiceHandle","Running","Win32OwnProcess, Win32ShareProcess","Automatic",,
"Audiosrv","System.ServiceProcess.ServiceController[]","False","False","True","Windows Audio","System.ServiceProcess.ServiceController[]",".","Audiosrv","System.ServiceProcess.ServiceController[]","SafeServiceHandle","Running","Win32OwnProcess","Automatic",,
"BFE","System.ServiceProcess.ServiceController[]","False","False","True","Base Filtering Engine","System.ServiceProcess.ServiceController[]",".","BFE","System.ServiceProcess.ServiceController[]",,"Running","Win32ShareProcess","Automatic",,
"BITS","System.ServiceProcess.ServiceController[]","False","False","True","Background Intelligent Transfer Service","System.ServiceProcess.ServiceController[]",".","BITS","System.ServiceProcess.ServiceController[]","SafeServiceHandle","Running","Win32OwnProcess, Win32ShareProcess","Automatic",,
"Bonjour Service","System.ServiceProcess.ServiceController[]","False","True","True","Bonjour Service","System.ServiceProcess.ServiceController[]",".","Bonjour Service","System.ServiceProcess.ServiceController[]","SafeServiceHandle","Running","Win32OwnProcess","Automatic",,
"BrokerInfrastructure","System.ServiceProcess.ServiceController[]","False","False","False","Background Tasks Infrastructure Service","System.ServiceProcess.ServiceController[]",".","BrokerInfrastructure","System.ServiceProcess.ServiceController[]",,"Running","Win32ShareProcess","Automatic",,
"BthAvctpSvc","System.ServiceProcess.ServiceController[]","False","False","True","AVCTP service","System.ServiceProcess.ServiceController[]",".","BthAvctpSvc","System.ServiceProcess.ServiceController[]","SafeServiceHandle","Running","Win32OwnProcess, Win32ShareProcess","Manual",,
"bthserv","System.ServiceProcess.ServiceController[]","False","True","True","Bluetooth Support Service","System.ServiceProcess.ServiceController[]",".","bthserv","System.ServiceProcess.ServiceController[]","SafeServiceHandle","Running","Win32OwnProcess, Win32ShareProcess","Manual",,
"CAMService","System.ServiceProcess.ServiceController[]","False","False","True","CAM Service","System.ServiceProcess.ServiceController[]",".","CAMService","System.ServiceProcess.ServiceController[]","SafeServiceHandle","Running","Win32OwnProcess","Automatic",,
"camsvc","System.ServiceProcess.ServiceController[]","False","True","True","Capability Access Manager Service","System.ServiceProcess.ServiceController[]",".","camsvc","System.ServiceProcess.ServiceController[]","SafeServiceHandle","Running","Win32OwnProcess, Win32ShareProcess","Manual",,
"CaptureService_3f7cc9","System.ServiceProcess.ServiceController[]","False","False","True","CaptureService_3f7cc9","System.ServiceProcess.ServiceController[]",".","CaptureService_3f7cc9","System.ServiceProcess.ServiceController[]","SafeServiceHandle","Running","240","Manual",,
"cbdhsvc_3f7cc9","System.ServiceProcess.ServiceController[]","False","False","True","Clipboard User Service_3f7cc9","System.ServiceProcess.ServiceController[]",".","cbdhsvc_3f7cc9","System.ServiceProcess.ServiceController[]","SafeServiceHandle","Running","240","Manual",,
"CDPSvc","System.ServiceProcess.ServiceController[]","False","False","True","Connected Devices Platform Service","System.ServiceProcess.ServiceController[]",".","CDPSvc","System.ServiceProcess.ServiceController[]","SafeServiceHandle","Running","Win32OwnProcess, Win32ShareProcess","Automatic",,
"CDPUserSvc_3f7cc9","System.ServiceProcess.ServiceController[]","False","False","True","Connected Devices Platform User Service_3f7cc9","System.ServiceProcess.ServiceController[]",".","CDPUserSvc_3f7cc9","System.ServiceProcess.ServiceController[]","SafeServiceHandle","Running","240","Automatic",,
"cFosSpeedS","System.ServiceProcess.ServiceController[]","False","False","True","cFosSpeed System Service","System.ServiceProcess.ServiceController[]",".","cFosSpeedS","System.ServiceProcess.ServiceController[]","SafeServiceHandle","Running","Win32OwnProcess","Automatic",,
"chromoting","System.ServiceProcess.ServiceController[]","False","True","True","Chrome Remote Desktop Service","System.ServiceProcess.ServiceController[]",".","chromoting","System.ServiceProcess.ServiceController[]","SafeServiceHandle","Running","Win32OwnProcess","Automatic",,
"ClickToRunSvc","System.ServiceProcess.ServiceController[]","False","True","True","Microsoft Office Click-to-Run Service","System.ServiceProcess.ServiceController[]",".","ClickToRunSvc","System.ServiceProcess.ServiceController[]","SafeServiceHandle","Running","Win32OwnProcess","Automatic",,
"client_service","System.ServiceProcess.ServiceController[]","False","True","True","VMware Horizon Client","System.ServiceProcess.ServiceController[]",".","client_service","System.ServiceProcess.ServiceController[]","SafeServiceHandle","Running","Win32OwnProcess, InteractiveProcess","Automatic",,
"ClipSVC","System.ServiceProcess.ServiceController[]","False","True","True","Client License Service (ClipSVC)","System.ServiceProcess.ServiceController[]",".","ClipSVC","System.ServiceProcess.ServiceController[]",,"Running","Win32OwnProcess, Win32ShareProcess","Manual",,
"CodeMeter.exe","System.ServiceProcess.ServiceController[]","True","True","True","CodeMeter Runtime Server","System.ServiceProcess.ServiceController[]",".","CodeMeter.exe","System.ServiceProcess.ServiceController[]","SafeServiceHandle","Running","Win32OwnProcess","Automatic",,
"CoreMessagingRegistrar","System.ServiceProcess.ServiceController[]","False","False","False","CoreMessaging","System.ServiceProcess.ServiceController[]",".","CoreMessagingRegistrar","System.ServiceProcess.ServiceController[]",,"Running","Win32ShareProcess","Automatic",,
"CorsairGamingAudioConfig","System.ServiceProcess.ServiceController[]","False","False","True","Corsair Gaming Audio Configuration Service","System.ServiceProcess.ServiceController[]",".","CorsairGamingAudioConfig","System.ServiceProcess.ServiceController[]","SafeServiceHandle","Running","Win32OwnProcess","Automatic",,
"CorsairLLAService","System.ServiceProcess.ServiceController[]","False","False","True","Corsair LLA Service","System.ServiceProcess.ServiceController[]",".","CorsairLLAService","System.ServiceProcess.ServiceController[]","SafeServiceHandle","Running","Win32OwnProcess","Automatic",,
"CorsairService","System.ServiceProcess.ServiceController[]","False","True","True","Corsair Service","System.ServiceProcess.ServiceController[]",".","CorsairService","System.ServiceProcess.ServiceController[]","SafeServiceHandle","Running","Win32OwnProcess","Automatic",,
"CryptSvc","System.ServiceProcess.ServiceController[]","False","True","True","Cryptographic Services","System.ServiceProcess.ServiceController[]",".","CryptSvc","System.ServiceProcess.ServiceController[]","SafeServiceHandle","Running","Win32OwnProcess, Win32ShareProcess","Manual",,
"DcomLaunch","System.ServiceProcess.ServiceController[]","False","False","False","DCOM Server Process Launcher","System.ServiceProcess.ServiceController[]",".","DcomLaunch","System.ServiceProcess.ServiceController[]",,"Running","Win32ShareProcess","Automatic",,
"DeviceAssociationService","System.ServiceProcess.ServiceController[]","False","True","True","Device Association Service","System.ServiceProcess.ServiceController[]",".","DeviceAssociationService","System.ServiceProcess.ServiceController[]","SafeServiceHandle","Running","Win32OwnProcess, Win32ShareProcess","Automatic",,
"DeviceInstall","System.ServiceProcess.ServiceController[]","False","False","True","Device Install Service","System.ServiceProcess.ServiceController[]",".","DeviceInstall","System.ServiceProcess.ServiceController[]","SafeServiceHandle","Running","Win32OwnProcess, Win32ShareProcess","Manual",,
"Dhcp","System.ServiceProcess.ServiceController[]","False","True","True","DHCP Client","System.ServiceProcess.ServiceController[]",".","Dhcp","System.ServiceProcess.ServiceController[]","SafeServiceHandle","Running","Win32OwnProcess, Win32ShareProcess","Automatic",,
"DiagTrack","System.ServiceProcess.ServiceController[]","False","True","True","Connected User Experiences and Telemetry","System.ServiceProcess.ServiceController[]",".","DiagTrack","System.ServiceProcess.ServiceController[]","SafeServiceHandle","Running","Win32OwnProcess","Automatic",,
"DispBrokerDesktopSvc","System.ServiceProcess.ServiceController[]","False","False","True","Display Policy Service","System.ServiceProcess.ServiceController[]",".","DispBrokerDesktopSvc","System.ServiceProcess.ServiceController[]","SafeServiceHandle","Running","Win32OwnProcess, Win32ShareProcess","Automatic",,
"Dnscache","System.ServiceProcess.ServiceController[]","False","False","False","DNS Client","System.ServiceProcess.ServiceController[]",".","Dnscache","System.ServiceProcess.ServiceController[]",,"Running","Win32OwnProcess, Win32ShareProcess","Automatic",,
"DoSvc","System.ServiceProcess.ServiceController[]","False","False","True","Delivery Optimization","System.ServiceProcess.ServiceController[]",".","DoSvc","System.ServiceProcess.ServiceController[]","SafeServiceHandle","Running","Win32OwnProcess, Win32ShareProcess","Automatic",,
"DPS","System.ServiceProcess.ServiceController[]","False","True","True","Diagnostic Policy Service","System.ServiceProcess.ServiceController[]",".","DPS","System.ServiceProcess.ServiceController[]",,"Running","Win32OwnProcess, Win32ShareProcess","Automatic",,
"DsSvc","System.ServiceProcess.ServiceController[]","False","False","True","Data Sharing Service","System.ServiceProcess.ServiceController[]",".","DsSvc","System.ServiceProcess.ServiceController[]","SafeServiceHandle","Running","Win32OwnProcess, Win32ShareProcess","Manual",,
"DusmSvc","System.ServiceProcess.ServiceController[]","False","False","True","Data Usage","System.ServiceProcess.ServiceController[]",".","DusmSvc","System.ServiceProcess.ServiceController[]","SafeServiceHandle","Running","Win32OwnProcess","Automatic",,
"EFS","System.ServiceProcess.ServiceController[]","False","False","False","Encrypting File System (EFS)","System.ServiceProcess.ServiceController[]",".","EFS","System.ServiceProcess.ServiceController[]",,"Running","Win32ShareProcess","Manual",,
"EventLog","System.ServiceProcess.ServiceController[]","False","True","True","Windows Event Log","System.ServiceProcess.ServiceController[]",".","EventLog","System.ServiceProcess.ServiceController[]","SafeServiceHandle","Running","Win32OwnProcess, Win32ShareProcess","Automatic",,
"EventSystem","System.ServiceProcess.ServiceController[]","False","False","True","COM+ Event System","System.ServiceProcess.ServiceController[]",".","EventSystem","System.ServiceProcess.ServiceController[]","SafeServiceHandle","Running","Win32OwnProcess, Win32ShareProcess","Automatic",,
"fdPHost","System.ServiceProcess.ServiceController[]","False","False","True","Function Discovery Provider Host","System.ServiceProcess.ServiceController[]",".","fdPHost","System.ServiceProcess.ServiceController[]","SafeServiceHandle","Running","Win32OwnProcess, Win32ShareProcess","Manual",,
"FDResPub","System.ServiceProcess.ServiceController[]","False","True","True","Function Discovery Resource Publication","System.ServiceProcess.ServiceController[]",".","FDResPub","System.ServiceProcess.ServiceController[]","SafeServiceHandle","Running","Win32OwnProcess, Win32ShareProcess","Manual",,
"FontCache","System.ServiceProcess.ServiceController[]","False","True","True","Windows Font Cache Service","System.ServiceProcess.ServiceController[]",".","FontCache","System.ServiceProcess.ServiceController[]","SafeServiceHandle","Running","Win32OwnProcess, Win32ShareProcess","Automatic",,
"ftnlsv3hv","System.ServiceProcess.ServiceController[]","False","True","True","VMware Netlink Supervisor Service","System.ServiceProcess.ServiceController[]",".","ftnlsv3hv","System.ServiceProcess.ServiceController[]","SafeServiceHandle","Running","Win32OwnProcess","Automatic",,
"ftscanmgrhv","System.ServiceProcess.ServiceController[]","False","True","True","VMware Scanner Redirection Client","System.ServiceProcess.ServiceController[]",".","ftscanmgrhv","System.ServiceProcess.ServiceController[]","SafeServiceHandle","Running","Win32OwnProcess","Automatic",,
"GameInput","System.ServiceProcess.ServiceController[]","False","True","True","GameInput Service","System.ServiceProcess.ServiceController[]",".","GameInput","System.ServiceProcess.ServiceController[]","SafeServiceHandle","Running","Win32OwnProcess","Automatic",,
"GamingServices","System.ServiceProcess.ServiceController[]","False","True","True","GamingServices","System.ServiceProcess.ServiceController[]",".","GamingServices","System.ServiceProcess.ServiceController[]",,"Running","528","Automatic",,
"GamingServicesNet","System.ServiceProcess.ServiceController[]","False","False","True","GamingServicesNet","System.ServiceProcess.ServiceController[]",".","GamingServicesNet","System.ServiceProcess.ServiceController[]",,"Running","528","Automatic",,
"GSv6FwdSvc","System.ServiceProcess.ServiceController[]","False","False","True","Moonlight IPv6 Forwarding Service","System.ServiceProcess.ServiceController[]",".","GSv6FwdSvc","System.ServiceProcess.ServiceController[]","SafeServiceHandle","Running","Win32OwnProcess","Automatic",,
"hasplms","System.ServiceProcess.ServiceController[]","False","False","True","Sentinel LDK License Manager","System.ServiceProcess.ServiceController[]",".","hasplms","System.ServiceProcess.ServiceController[]","SafeServiceHandle","Running","Win32OwnProcess","Automatic",,
"hidserv","System.ServiceProcess.ServiceController[]","False","True","True","Human Interface Device Service","System.ServiceProcess.ServiceController[]",".","hidserv","System.ServiceProcess.ServiceController[]","SafeServiceHandle","Running","Win32OwnProcess, Win32ShareProcess","Manual",,
"hns","System.ServiceProcess.ServiceController[]","False","False","True","Host Network Service","System.ServiceProcess.ServiceController[]",".","hns","System.ServiceProcess.ServiceController[]","SafeServiceHandle","Running","Win32OwnProcess, Win32ShareProcess","Manual",,
"IKEEXT","System.ServiceProcess.ServiceController[]","False","True","True","IKE and AuthIP IPsec Keying Modules","System.ServiceProcess.ServiceController[]",".","IKEEXT","System.ServiceProcess.ServiceController[]","SafeServiceHandle","Running","Win32OwnProcess, Win32ShareProcess","Automatic",,
"InstallService","System.ServiceProcess.ServiceController[]","False","False","True","Microsoft Store Install Service","System.ServiceProcess.ServiceController[]",".","InstallService","System.ServiceProcess.ServiceController[]","SafeServiceHandle","Running","Win32OwnProcess","Manual",,
"iphlpsvc","System.ServiceProcess.ServiceController[]","False","False","True","IP Helper","System.ServiceProcess.ServiceController[]",".","iphlpsvc","System.ServiceProcess.ServiceController[]","SafeServiceHandle","Running","Win32OwnProcess, Win32ShareProcess","Automatic",,
"iPod Service","System.ServiceProcess.ServiceController[]","False","False","True","iPod Service","System.ServiceProcess.ServiceController[]",".","iPod Service","System.ServiceProcess.ServiceController[]","SafeServiceHandle","Running","Win32OwnProcess","Manual",,
"IpOverUsbSvc","System.ServiceProcess.ServiceController[]","False","True","True","Windows Phone IP over USB Transport (IpOverUsbSvc)","System.ServiceProcess.ServiceController[]",".","IpOverUsbSvc","System.ServiceProcess.ServiceController[]","SafeServiceHandle","Running","Win32OwnProcess","Automatic",,
"KeyIso","System.ServiceProcess.ServiceController[]","False","False","True","CNG Key Isolation","System.ServiceProcess.ServiceController[]",".","KeyIso","System.ServiceProcess.ServiceController[]","SafeServiceHandle","Running","Win32ShareProcess","Manual",,
"KiteService","System.ServiceProcess.ServiceController[]","False","True","True","KiteService","System.ServiceProcess.ServiceController[]",".","KiteService","System.ServiceProcess.ServiceController[]","SafeServiceHandle","Running","Win32OwnProcess","Automatic",,
"LanmanServer","System.ServiceProcess.ServiceController[]","False","False","True","Server","System.ServiceProcess.ServiceController[]",".","LanmanServer","System.ServiceProcess.ServiceController[]","SafeServiceHandle","Running","Win32OwnProcess, Win32ShareProcess","Automatic",,
"LanmanWorkstation","System.ServiceProcess.ServiceController[]","True","False","True","Workstation","System.ServiceProcess.ServiceController[]",".","LanmanWorkstation","System.ServiceProcess.ServiceController[]","SafeServiceHandle","Running","Win32OwnProcess, Win32ShareProcess","Automatic",,
"lfsvc","System.ServiceProcess.ServiceController[]","False","False","True","Geolocation Service","System.ServiceProcess.ServiceController[]",".","lfsvc","System.ServiceProcess.ServiceController[]","SafeServiceHandle","Running","Win32OwnProcess, Win32ShareProcess","Manual",,
"LicenseManager","System.ServiceProcess.ServiceController[]","False","False","True","Windows License Manager Service","System.ServiceProcess.ServiceController[]",".","LicenseManager","System.ServiceProcess.ServiceController[]","SafeServiceHandle","Running","Win32OwnProcess, Win32ShareProcess","Manual",,
"LightKeeperService","System.ServiceProcess.ServiceController[]","False","True","True","LightKeeperService","System.ServiceProcess.ServiceController[]",".","LightKeeperService","System.ServiceProcess.ServiceController[]","SafeServiceHandle","Running","Win32OwnProcess","Automatic",,
"lmhosts","System.ServiceProcess.ServiceController[]","False","False","True","TCP/IP NetBIOS Helper","System.ServiceProcess.ServiceController[]",".","lmhosts","System.ServiceProcess.ServiceController[]","SafeServiceHandle","Running","Win32OwnProcess, Win32ShareProcess","Manual",,
"LSM","System.ServiceProcess.ServiceController[]","False","False","False","Local Session Manager","System.ServiceProcess.ServiceController[]",".","LSM","System.ServiceProcess.ServiceController[]",,"Running","Win32OwnProcess, Win32ShareProcess","Automatic",,
"MISS","System.ServiceProcess.ServiceController[]","False","False","True","Moonlight Internet Streaming Service","System.ServiceProcess.ServiceController[]",".","MISS","System.ServiceProcess.ServiceController[]","SafeServiceHandle","Running","Win32OwnProcess","Automatic",,
"mpssvc","System.ServiceProcess.ServiceController[]","False","False","False","Windows Defender Firewall","System.ServiceProcess.ServiceController[]",".","mpssvc","System.ServiceProcess.ServiceController[]",,"Running","Win32ShareProcess","Automatic",,
"MSI Foundation Service","System.ServiceProcess.ServiceController[]","False","True","True","MSI Foundation Service","System.ServiceProcess.ServiceController[]",".","MSI Foundation Service","System.ServiceProcess.ServiceController[]","SafeServiceHandle","Running","Win32OwnProcess","Automatic",,
"MSI_Central_Service","System.ServiceProcess.ServiceController[]","False","True","True","MSI Central Service","System.ServiceProcess.ServiceController[]",".","MSI_Central_Service","System.ServiceProcess.ServiceController[]","SafeServiceHandle","Running","Win32OwnProcess","Automatic",,
"MSI_Companion_Service","System.ServiceProcess.ServiceController[]","False","True","True","MSI_Companion_Service","System.ServiceProcess.ServiceController[]",".","MSI_Companion_Service","System.ServiceProcess.ServiceController[]","SafeServiceHandle","Running","Win32OwnProcess","Automatic",,
"Mystic_Light_Service","System.ServiceProcess.ServiceController[]","False","True","True","Mystic_Light_Service","System.ServiceProcess.ServiceController[]",".","Mystic_Light_Service","System.ServiceProcess.ServiceController[]","SafeServiceHandle","Running","Win32OwnProcess","Automatic",,
"NcbService","System.ServiceProcess.ServiceController[]","False","False","True","Network Connection Broker","System.ServiceProcess.ServiceController[]",".","NcbService","System.ServiceProcess.ServiceController[]","SafeServiceHandle","Running","Win32OwnProcess, Win32ShareProcess","Manual",,
"NcdAutoSetup","System.ServiceProcess.ServiceController[]","False","False","True","Network Connected Devices Auto-Setup","System.ServiceProcess.ServiceController[]",".","NcdAutoSetup","System.ServiceProcess.ServiceController[]","SafeServiceHandle","Running","Win32OwnProcess, Win32ShareProcess","Manual",,
"Netman","System.ServiceProcess.ServiceController[]","False","False","True","Network Connections","System.ServiceProcess.ServiceController[]",".","Netman","System.ServiceProcess.ServiceController[]","SafeServiceHandle","Running","Win32OwnProcess, Win32ShareProcess","Manual",,
"netprofm","System.ServiceProcess.ServiceController[]","False","False","True","Network List Service","System.ServiceProcess.ServiceController[]",".","netprofm","System.ServiceProcess.ServiceController[]","SafeServiceHandle","Running","Win32OwnProcess, Win32ShareProcess","Manual",,
"NgcCtnrSvc","System.ServiceProcess.ServiceController[]","False","False","True","Microsoft Passport Container","System.ServiceProcess.ServiceController[]",".","NgcCtnrSvc","System.ServiceProcess.ServiceController[]",,"Running","Win32OwnProcess, Win32ShareProcess","Manual",,
"NlaSvc","System.ServiceProcess.ServiceController[]","False","False","True","Network Location Awareness","System.ServiceProcess.ServiceController[]",".","NlaSvc","System.ServiceProcess.ServiceController[]","SafeServiceHandle","Running","Win32OwnProcess, Win32ShareProcess","Automatic",,
"nsi","System.ServiceProcess.ServiceController[]","False","False","True","Network Store Interface Service","System.ServiceProcess.ServiceController[]",".","nsi","System.ServiceProcess.ServiceController[]","SafeServiceHandle","Running","Win32OwnProcess, Win32ShareProcess","Automatic",,
"nvagent","System.ServiceProcess.ServiceController[]","False","True","True","Network Virtualization Service","System.ServiceProcess.ServiceController[]",".","nvagent","System.ServiceProcess.ServiceController[]","SafeServiceHandle","Running","Win32OwnProcess, Win32ShareProcess","Manual",,
"NvContainerLocalSystem","System.ServiceProcess.ServiceController[]","False","True","True","NVIDIA LocalSystem Container","System.ServiceProcess.ServiceController[]",".","NvContainerLocalSystem","System.ServiceProcess.ServiceController[]","SafeServiceHandle","Running","Win32OwnProcess","Automatic",,
"NVDisplay.ContainerLocalSystem","System.ServiceProcess.ServiceController[]","False","True","True","NVIDIA Display Container LS","System.ServiceProcess.ServiceController[]",".","NVDisplay.ContainerLocalSystem","System.ServiceProcess.ServiceController[]","SafeServiceHandle","Running","Win32OwnProcess","Automatic",,
"OneSyncSvc_3f7cc9","System.ServiceProcess.ServiceController[]","False","False","True","Sync Host_3f7cc9","System.ServiceProcess.ServiceController[]",".","OneSyncSvc_3f7cc9","System.ServiceProcess.ServiceController[]","SafeServiceHandle","Running","224","Automatic",,
"OpenVPNServiceInteractive","System.ServiceProcess.ServiceController[]","False","False","True","OpenVPN Interactive Service","System.ServiceProcess.ServiceController[]",".","OpenVPNServiceInteractive","System.ServiceProcess.ServiceController[]","SafeServiceHandle","Running","Win32ShareProcess","Automatic",,
"Origin Web Helper Service","System.ServiceProcess.ServiceController[]","False","False","True","Origin Web Helper Service","System.ServiceProcess.ServiceController[]",".","Origin Web Helper Service","System.ServiceProcess.ServiceController[]","SafeServiceHandle","Running","Win32OwnProcess","Automatic",,
"OVRService","System.ServiceProcess.ServiceController[]","False","True","True","Oculus VR Runtime Service","System.ServiceProcess.ServiceController[]",".","OVRService","System.ServiceProcess.ServiceController[]","SafeServiceHandle","Running","Win32OwnProcess","Automatic",,
"PcaSvc","System.ServiceProcess.ServiceController[]","False","True","True","Program Compatibility Assistant Service","System.ServiceProcess.ServiceController[]",".","PcaSvc","System.ServiceProcess.ServiceController[]","SafeServiceHandle","Running","Win32OwnProcess, Win32ShareProcess","Manual",,
"PimIndexMaintenanceSvc_3f7cc9","System.ServiceProcess.ServiceController[]","False","False","True","Contact Data_3f7cc9","System.ServiceProcess.ServiceController[]",".","PimIndexMaintenanceSvc_3f7cc9","System.ServiceProcess.ServiceController[]","SafeServiceHandle","Running","224","Manual",,
"PlugPlay","System.ServiceProcess.ServiceController[]","False","True","True","Plug and Play","System.ServiceProcess.ServiceController[]",".","PlugPlay","System.ServiceProcess.ServiceController[]","SafeServiceHandle","Running","Win32OwnProcess, Win32ShareProcess","Manual",,
"PnkBstrA","System.ServiceProcess.ServiceController[]","False","True","True","PnkBstrA","System.ServiceProcess.ServiceController[]",".","PnkBstrA","System.ServiceProcess.ServiceController[]","SafeServiceHandle","Running","Win32OwnProcess","Automatic",,
"PolicyAgent","System.ServiceProcess.ServiceController[]","False","True","True","IPsec Policy Agent","System.ServiceProcess.ServiceController[]",".","PolicyAgent","System.ServiceProcess.ServiceController[]","SafeServiceHandle","Running","Win32OwnProcess, Win32ShareProcess","Manual",,
"Power","System.ServiceProcess.ServiceController[]","False","False","False","Power","System.ServiceProcess.ServiceController[]",".","Power","System.ServiceProcess.ServiceController[]","SafeServiceHandle","Running","Win32ShareProcess","Automatic",,
"ProfSvc","System.ServiceProcess.ServiceController[]","False","True","True","User Profile Service","System.ServiceProcess.ServiceController[]",".","ProfSvc","System.ServiceProcess.ServiceController[]","SafeServiceHandle","Running","Win32OwnProcess, Win32ShareProcess","Automatic",,
"QWAVE","System.ServiceProcess.ServiceController[]","False","True","True","Quality Windows Audio Video Experience","System.ServiceProcess.ServiceController[]",".","QWAVE","System.ServiceProcess.ServiceController[]","SafeServiceHandle","Running","Win32OwnProcess, Win32ShareProcess","Manual",,
"RasMan","System.ServiceProcess.ServiceController[]","False","True","True","Remote Access Connection Manager","System.ServiceProcess.ServiceController[]",".","RasMan","System.ServiceProcess.ServiceController[]","SafeServiceHandle","Running","Win32ShareProcess","Automatic",,
"RmSvc","System.ServiceProcess.ServiceController[]","False","False","True","Radio Management Service","System.ServiceProcess.ServiceController[]",".","RmSvc","System.ServiceProcess.ServiceController[]",,"Running","Win32OwnProcess, Win32ShareProcess","Manual",,
"RpcEptMapper","System.ServiceProcess.ServiceController[]","False","False","False","RPC Endpoint Mapper","System.ServiceProcess.ServiceController[]",".","RpcEptMapper","System.ServiceProcess.ServiceController[]",,"Running","Win32ShareProcess","Automatic",,
"RpcSs","System.ServiceProcess.ServiceController[]","False","False","False","Remote Procedure Call (RPC)","System.ServiceProcess.ServiceController[]",".","RpcSs","System.ServiceProcess.ServiceController[]",,"Running","Win32ShareProcess","Automatic",,
"SamSs","System.ServiceProcess.ServiceController[]","False","False","False","Security Accounts Manager","System.ServiceProcess.ServiceController[]",".","SamSs","System.ServiceProcess.ServiceController[]","SafeServiceHandle","Running","Win32ShareProcess","Automatic",,
"Schedule","System.ServiceProcess.ServiceController[]","False","True","True","Task Scheduler","System.ServiceProcess.ServiceController[]",".","Schedule","System.ServiceProcess.ServiceController[]",,"Running","Win32OwnProcess, Win32ShareProcess","Automatic",,
"SecurityHealthService","System.ServiceProcess.ServiceController[]","False","False","False","Windows Security Service","System.ServiceProcess.ServiceController[]",".","SecurityHealthService","System.ServiceProcess.ServiceController[]",,"Running","Win32OwnProcess","Manual",,
"SENS","System.ServiceProcess.ServiceController[]","False","False","True","System Event Notification Service","System.ServiceProcess.ServiceController[]",".","SENS","System.ServiceProcess.ServiceController[]","SafeServiceHandle","Running","Win32OwnProcess, Win32ShareProcess","Automatic",,
"SEVPNCLIENT","System.ServiceProcess.ServiceController[]","False","True","True","SoftEther VPN Client","System.ServiceProcess.ServiceController[]",".","SEVPNCLIENT","System.ServiceProcess.ServiceController[]","SafeServiceHandle","Running","Win32OwnProcess","Automatic",,
"SgrmBroker","System.ServiceProcess.ServiceController[]","False","True","False","System Guard Runtime Monitor Broker","System.ServiceProcess.ServiceController[]",".","SgrmBroker","System.ServiceProcess.ServiceController[]","SafeServiceHandle","Running","Win32OwnProcess","Automatic",,
"ShellHWDetection","System.ServiceProcess.ServiceController[]","False","False","True","Shell Hardware Detection","System.ServiceProcess.ServiceController[]",".","ShellHWDetection","System.ServiceProcess.ServiceController[]","SafeServiceHandle","Running","Win32OwnProcess, Win32ShareProcess","Automatic",,
"Spooler","System.ServiceProcess.ServiceController[]","False","False","True","Print Spooler","System.ServiceProcess.ServiceController[]",".","Spooler","System.ServiceProcess.ServiceController[]","SafeServiceHandle","Running","Win32OwnProcess, InteractiveProcess","Automatic",,
"SSDPSRV","System.ServiceProcess.ServiceController[]","False","True","True","SSDP Discovery","System.ServiceProcess.ServiceController[]",".","SSDPSRV","System.ServiceProcess.ServiceController[]","SafeServiceHandle","Running","Win32OwnProcess, Win32ShareProcess","Manual",,
"SstpSvc","System.ServiceProcess.ServiceController[]","False","True","True","Secure Socket Tunneling Protocol Service","System.ServiceProcess.ServiceController[]",".","SstpSvc","System.ServiceProcess.ServiceController[]","SafeServiceHandle","Running","Win32OwnProcess, Win32ShareProcess","Manual",,
"StateRepository","System.ServiceProcess.ServiceController[]","False","True","True","State Repository Service","System.ServiceProcess.ServiceController[]",".","StateRepository","System.ServiceProcess.ServiceController[]","SafeServiceHandle","Running","Win32OwnProcess, Win32ShareProcess","Manual",,
"Steam Client Service","System.ServiceProcess.ServiceController[]","False","False","True","Steam Client Service","System.ServiceProcess.ServiceController[]",".","Steam Client Service","System.ServiceProcess.ServiceController[]","SafeServiceHandle","Running","Win32OwnProcess","Manual",,
"stisvc","System.ServiceProcess.ServiceController[]","True","True","True","Windows Image Acquisition (WIA)","System.ServiceProcess.ServiceController[]",".","stisvc","System.ServiceProcess.ServiceController[]","SafeServiceHandle","Running","Win32OwnProcess","Automatic",,
"StorSvc","System.ServiceProcess.ServiceController[]","False","False","True","Storage Service","System.ServiceProcess.ServiceController[]",".","StorSvc","System.ServiceProcess.ServiceController[]","SafeServiceHandle","Running","Win32OwnProcess, Win32ShareProcess","Automatic",,
"SysMain","System.ServiceProcess.ServiceController[]","False","True","True","SysMain","System.ServiceProcess.ServiceController[]",".","SysMain","System.ServiceProcess.ServiceController[]","SafeServiceHandle","Running","Win32OwnProcess, Win32ShareProcess","Automatic",,
"SystemEventsBroker","System.ServiceProcess.ServiceController[]","False","False","True","System Events Broker","System.ServiceProcess.ServiceController[]",".","SystemEventsBroker","System.ServiceProcess.ServiceController[]",,"Running","Win32ShareProcess","Automatic",,
"TabletInputService","System.ServiceProcess.ServiceController[]","False","False","False","Touch Keyboard and Handwriting Panel Service","System.ServiceProcess.ServiceController[]",".","TabletInputService","System.ServiceProcess.ServiceController[]","SafeServiceHandle","Running","Win32OwnProcess, Win32ShareProcess","Manual",,
"TapiSrv","System.ServiceProcess.ServiceController[]","True","False","True","Telephony","System.ServiceProcess.ServiceController[]",".","TapiSrv","System.ServiceProcess.ServiceController[]","SafeServiceHandle","Running","Win32OwnProcess, Win32ShareProcess","Manual",,
"Themes","System.ServiceProcess.ServiceController[]","False","False","True","Themes","System.ServiceProcess.ServiceController[]",".","Themes","System.ServiceProcess.ServiceController[]","SafeServiceHandle","Running","Win32OwnProcess, Win32ShareProcess","Automatic",,
"TilesServer","System.ServiceProcess.ServiceController[]","True","True","True","TilesServer","System.ServiceProcess.ServiceController[]",".","TilesServer","System.ServiceProcess.ServiceController[]","SafeServiceHandle","Running","Win32OwnProcess","Automatic",,
"TimeBrokerSvc","System.ServiceProcess.ServiceController[]","False","False","True","Time Broker","System.ServiceProcess.ServiceController[]",".","TimeBrokerSvc","System.ServiceProcess.ServiceController[]",,"Running","Win32OwnProcess, Win32ShareProcess","Manual",,
"TokenBroker","System.ServiceProcess.ServiceController[]","False","False","True","Web Account Manager","System.ServiceProcess.ServiceController[]",".","TokenBroker","System.ServiceProcess.ServiceController[]","SafeServiceHandle","Running","Win32OwnProcess, Win32ShareProcess","Manual",,
"TrkWks","System.ServiceProcess.ServiceController[]","False","True","True","Distributed Link Tracking Client","System.ServiceProcess.ServiceController[]",".","TrkWks","System.ServiceProcess.ServiceController[]","SafeServiceHandle","Running","Win32OwnProcess, Win32ShareProcess","Automatic",,
"UnistoreSvc_3f7cc9","System.ServiceProcess.ServiceController[]","False","False","True","User Data Storage_3f7cc9","System.ServiceProcess.ServiceController[]",".","UnistoreSvc_3f7cc9","System.ServiceProcess.ServiceController[]","SafeServiceHandle","Running","224","Manual",,
"UserDataSvc_3f7cc9","System.ServiceProcess.ServiceController[]","False","False","True","User Data Access_3f7cc9","System.ServiceProcess.ServiceController[]",".","UserDataSvc_3f7cc9","System.ServiceProcess.ServiceController[]","SafeServiceHandle","Running","224","Manual",,
"UserManager","System.ServiceProcess.ServiceController[]","False","False","True","User Manager","System.ServiceProcess.ServiceController[]",".","UserManager","System.ServiceProcess.ServiceController[]","SafeServiceHandle","Running","Win32OwnProcess, Win32ShareProcess","Automatic",,
"UsoSvc","System.ServiceProcess.ServiceController[]","False","True","True","Update Orchestrator Service","System.ServiceProcess.ServiceController[]",".","UsoSvc","System.ServiceProcess.ServiceController[]","SafeServiceHandle","Running","Win32OwnProcess, Win32ShareProcess","Automatic",,
"VaultSvc","System.ServiceProcess.ServiceController[]","False","True","True","Credential Manager","System.ServiceProcess.ServiceController[]",".","VaultSvc","System.ServiceProcess.ServiceController[]","SafeServiceHandle","Running","Win32ShareProcess","Manual",,
"VMAuthdService","System.ServiceProcess.ServiceController[]","False","False","True","VMware Authorization Service","System.ServiceProcess.ServiceController[]",".","VMAuthdService","System.ServiceProcess.ServiceController[]","SafeServiceHandle","Running","Win32OwnProcess","Automatic",,
"vmcompute","System.ServiceProcess.ServiceController[]","False","False","True","Hyper-V Host Compute Service","System.ServiceProcess.ServiceController[]",".","vmcompute","System.ServiceProcess.ServiceController[]","SafeServiceHandle","Running","Win32OwnProcess","Manual",,
"VMnetDHCP","System.ServiceProcess.ServiceController[]","False","False","True","VMware DHCP Service","System.ServiceProcess.ServiceController[]",".","VMnetDHCP","System.ServiceProcess.ServiceController[]","SafeServiceHandle","Running","Win32OwnProcess","Automatic",,
"VMUSBArbService","System.ServiceProcess.ServiceController[]","False","False","True","VMware USB Arbitration Service","System.ServiceProcess.ServiceController[]",".","VMUSBArbService","System.ServiceProcess.ServiceController[]","SafeServiceHandle","Running","Win32OwnProcess","Automatic",,
"VMware NAT Service","System.ServiceProcess.ServiceController[]","False","False","True","VMware NAT Service","System.ServiceProcess.ServiceController[]",".","VMware NAT Service","System.ServiceProcess.ServiceController[]","SafeServiceHandle","Running","Win32OwnProcess","Automatic",,
"VMwareHostd","System.ServiceProcess.ServiceController[]","False","True","True","VMware Workstation Server","System.ServiceProcess.ServiceController[]",".","VMwareHostd","System.ServiceProcess.ServiceController[]","SafeServiceHandle","Running","Win32OwnProcess","Automatic",,
"vmwsprrdpwks","System.ServiceProcess.ServiceController[]","False","True","True","VMware Serial Com Redirection Client service","System.ServiceProcess.ServiceController[]",".","vmwsprrdpwks","System.ServiceProcess.ServiceController[]","SafeServiceHandle","Running","Win32OwnProcess","Automatic",,
"VoiceControlService","System.ServiceProcess.ServiceController[]","False","True","True","VoiceControlService","System.ServiceProcess.ServiceController[]",".","VoiceControlService","System.ServiceProcess.ServiceController[]","SafeServiceHandle","Running","Win32OwnProcess","Automatic",,
"VyprVPN","System.ServiceProcess.ServiceController[]","True","True","True","VyprVPN","System.ServiceProcess.ServiceController[]",".","VyprVPN","System.ServiceProcess.ServiceController[]","SafeServiceHandle","Running","Win32OwnProcess","Automatic",,
"Wallpaper Engine Service","System.ServiceProcess.ServiceController[]","False","True","True","Wallpaper Engine Service","System.ServiceProcess.ServiceController[]",".","Wallpaper Engine Service","System.ServiceProcess.ServiceController[]","SafeServiceHandle","Running","Win32OwnProcess","Automatic",,
"WbioSrvc","System.ServiceProcess.ServiceController[]","False","False","True","Windows Biometric Service","System.ServiceProcess.ServiceController[]",".","WbioSrvc","System.ServiceProcess.ServiceController[]","SafeServiceHandle","Running","Win32OwnProcess, Win32ShareProcess","Manual",,
"Wcmsvc","System.ServiceProcess.ServiceController[]","False","True","True","Windows Connection Manager","System.ServiceProcess.ServiceController[]",".","Wcmsvc","System.ServiceProcess.ServiceController[]","SafeServiceHandle","Running","Win32OwnProcess","Automatic",,
"WdiServiceHost","System.ServiceProcess.ServiceController[]","False","True","True","Diagnostic Service Host","System.ServiceProcess.ServiceController[]",".","WdiServiceHost","System.ServiceProcess.ServiceController[]",,"Running","Win32OwnProcess, Win32ShareProcess","Manual",,
"WdNisSvc","System.ServiceProcess.ServiceController[]","False","False","True","Windows Defender Antivirus Network Inspection Service","System.ServiceProcess.ServiceController[]",".","WdNisSvc","System.ServiceProcess.ServiceController[]",,"Running","Win32OwnProcess","Manual",,
"WebClient","System.ServiceProcess.ServiceController[]","False","False","True","WebClient","System.ServiceProcess.ServiceController[]",".","WebClient","System.ServiceProcess.ServiceController[]","SafeServiceHandle","Running","Win32OwnProcess, Win32ShareProcess","Manual",,
"WinDefend","System.ServiceProcess.ServiceController[]","False","True","True","Windows Defender Antivirus Service","System.ServiceProcess.ServiceController[]",".","WinDefend","System.ServiceProcess.ServiceController[]",,"Running","Win32OwnProcess","Automatic",,
"WinHttpAutoProxySvc","System.ServiceProcess.ServiceController[]","False","True","False","WinHTTP Web Proxy Auto-Discovery Service","System.ServiceProcess.ServiceController[]",".","WinHttpAutoProxySvc","System.ServiceProcess.ServiceController[]",,"Running","Win32OwnProcess, Win32ShareProcess","Manual",,
"Winmgmt","System.ServiceProcess.ServiceController[]","True","True","True","Windows Management Instrumentation","System.ServiceProcess.ServiceController[]",".","Winmgmt","System.ServiceProcess.ServiceController[]","SafeServiceHandle","Running","Win32OwnProcess, Win32ShareProcess","Automatic",,
"WireGuardManager","System.ServiceProcess.ServiceController[]","False","False","True","WireGuard Manager","System.ServiceProcess.ServiceController[]",".","WireGuardManager","System.ServiceProcess.ServiceController[]","SafeServiceHandle","Running","Win32OwnProcess","Automatic",,
"WlanSvc","System.ServiceProcess.ServiceController[]","False","True","True","WLAN AutoConfig","System.ServiceProcess.ServiceController[]",".","WlanSvc","System.ServiceProcess.ServiceController[]","SafeServiceHandle","Running","Win32OwnProcess","Automatic",,
"wlidsvc","System.ServiceProcess.ServiceController[]","False","False","True","Microsoft Account Sign-in Assistant","System.ServiceProcess.ServiceController[]",".","wlidsvc","System.ServiceProcess.ServiceController[]","SafeServiceHandle","Running","Win32OwnProcess, Win32ShareProcess","Manual",,
"WpnService","System.ServiceProcess.ServiceController[]","False","False","True","Windows Push Notifications System Service","System.ServiceProcess.ServiceController[]",".","WpnService","System.ServiceProcess.ServiceController[]","SafeServiceHandle","Running","Win32OwnProcess, Win32ShareProcess","Automatic",,
"WpnUserService_3f7cc9","System.ServiceProcess.ServiceController[]","False","False","True","Windows Push Notifications User Service_3f7cc9","System.ServiceProcess.ServiceController[]",".","WpnUserService_3f7cc9","System.ServiceProcess.ServiceController[]","SafeServiceHandle","Running","240","Automatic",,
"wscsvc","System.ServiceProcess.ServiceController[]","False","True","True","Security Center","System.ServiceProcess.ServiceController[]",".","wscsvc","System.ServiceProcess.ServiceController[]",,"Running","Win32OwnProcess, Win32ShareProcess","Automatic",,
"WSearch","System.ServiceProcess.ServiceController[]","False","True","True","Windows Search","System.ServiceProcess.ServiceController[]",".","WSearch","System.ServiceProcess.ServiceController[]","SafeServiceHandle","Running","Win32OwnProcess","Automatic",,
"wuauserv","System.ServiceProcess.ServiceController[]","False","False","True","Windows Update","System.ServiceProcess.ServiceController[]",".","wuauserv","System.ServiceProcess.ServiceController[]","SafeServiceHandle","Running","Win32OwnProcess, Win32ShareProcess","Manual",,
"XblAuthManager","System.ServiceProcess.ServiceController[]","False","False","True","Xbox Live Auth Manager","System.ServiceProcess.ServiceController[]",".","XblAuthManager","System.ServiceProcess.ServiceController[]","SafeServiceHandle","Running","Win32OwnProcess, Win32ShareProcess","Manual",,
